{"platforms":[{"pos":[150.00000000,832.00000000]},{"pos":[50.00000000,932.00000000]},{"pos":[300.00000000,832.00000000]},{"pos":[200.00000000,857.00000000]}],"p_size":[200.00000000,20.00000000]}